{"RuleTriggered": 0, "Violations": 0, "Details": {"pin_memory": false, "num_workers": 0, "cores": 8, "dataloaders": 1, "dataloading_time": {"p25": 3.082659, "p50": 3.213946, "p95": 3.6592814000000002, "probs": [1, 0, 0, 0, 0, 0, 0, 0, 0, 0, 0, 0, 0, 0, 0, 0, 0, 0, 0, 0, 0, 0, 0, 0, 0, 0, 0, 0, 0, 0, 0, 0, 0, 1, 0, 0, 0, 0, 0, 0, 0, 0, 0, 0, 0, 1, 0, 0, 0, 0, 1, 0, 0, 0, 0, 0, 1, 0, 0, 0, 1, 0, 1, 0, 0, 0, 0, 0, 0, 0, 0, 0, 0, 0, 0, 0, 0, 0, 0, 0, 0, 0, 0, 0, 0, 0, 1, 0, 0, 0, 0, 0, 0, 0, 0, 0, 0, 0, 1, 1], "binedges": [2.577375, 2.58828041, 2.5991858199999998, 2.61009123, 2.62099664, 2.63190205, 2.6428074599999998, 2.65371287, 2.66461828, 2.67552369, 2.6864291, 2.69733451, 2.70823992, 2.71914533, 2.73005074, 2.74095615, 2.75186156, 2.76276697, 2.77367238, 2.78457779, 2.7954832, 2.80638861, 2.81729402, 2.8281994299999997, 2.83910484, 2.85001025, 2.86091566, 2.8718210699999998, 2.88272648, 2.89363189, 2.9045373, 2.9154427099999998, 2.92634812, 2.93725353, 2.94815894, 2.95906435, 2.96996976, 2.98087517, 2.99178058, 3.00268599, 3.0135914, 3.02449681, 3.03540222, 3.04630763, 3.0572130399999997, 3.06811845, 3.07902386, 3.08992927, 3.10083468, 3.11174009, 3.1226455, 3.13355091, 3.1444563199999997, 3.15536173, 3.16626714, 3.17717255, 3.1880779599999998, 3.1989833699999997, 3.20988878, 3.22079419, 3.2316996, 3.24260501, 3.25351042, 3.26441583, 3.27532124, 3.2862266499999997, 3.29713206, 3.30803747, 3.31894288, 3.32984829, 3.3407537, 3.35165911, 3.36256452, 3.3734699299999997, 3.38437534, 3.39528075, 3.40618616, 3.4170915699999997, 3.4279969799999996, 3.43890239, 3.4498078, 3.4607132099999998, 3.47161862, 3.48252403, 3.49342944, 3.50433485, 3.5152402599999997, 3.52614567, 3.53705108, 3.54795649, 3.5588619, 3.56976731, 3.58067272, 3.59157813, 3.6024835399999997, 3.61338895, 3.62429436, 3.63519977, 3.64610518, 3.6570105899999996, 3.667916]}}, "Datapoints": 10, "RuleParameters": "min_threshold:70\nmax_threshold:200"}