{"RuleTriggered": 0, "Violations": 264, "Details": {"low_gpu_utilization": 1594, "bottlenecks": {"1641796315.995707": {"GPUs": 1, "CPUs": 1}, "1641796316.995722": {"GPUs": 1, "CPUs": 1}, "1641796319.495706": {"GPUs": 1, "CPUs": 1}, "1641796319.995728": {"GPUs": 1, "CPUs": 1}, "1641796320.995693": {"GPUs": 1, "CPUs": 1}, "1641796322.995709": {"GPUs": 1, "CPUs": 1}, "1641796323.995709": {"GPUs": 1, "CPUs": 1}, "1641796324.495701": {"GPUs": 1, "CPUs": 1}, "1641796327.495704": {"GPUs": 1, "CPUs": 1}, "1641796328.995724": {"GPUs": 1, "CPUs": 1}, "1641796330.495693": {"GPUs": 1, "CPUs": 1}, "1641796331.495715": {"GPUs": 1, "CPUs": 1}, "1641796332.495694": {"GPUs": 1, "CPUs": 1}, "1641796332.995704": {"GPUs": 1, "CPUs": 1}, "1641796333.495708": {"GPUs": 1, "CPUs": 1}, "1641796362.495659": {"GPUs": 1, "CPUs": 1}, "1641796370.49574": {"GPUs": 1, "CPUs": 1}, "1641796370.995729": {"GPUs": 1, "CPUs": 1}, "1641796371.495938": {"GPUs": 1, "CPUs": 1}, "1641796371.995724": {"GPUs": 1, "CPUs": 1}, "1641796373.495694": {"GPUs": 1, "CPUs": 1}, "1641796373.995698": {"GPUs": 1, "CPUs": 1}, "1641796374.495709": {"GPUs": 1, "CPUs": 2}, "1641796374.995717": {"GPUs": 1, "CPUs": 1}, "1641796380.495727": {"GPUs": 1, "CPUs": 1}, "1641796380.995708": {"GPUs": 1, "CPUs": 1}, "1641796385.495699": {"GPUs": 1, "CPUs": 2}, "1641796385.995705": {"GPUs": 1, "CPUs": 3}, "1641796386.495698": {"GPUs": 1, "CPUs": 2}, "1641796386.995703": {"GPUs": 1, "CPUs": 3}, "1641796387.495738": {"GPUs": 1, "CPUs": 3}, "1641796387.995703": {"GPUs": 1, "CPUs": 2}, "1641796388.495715": {"GPUs": 1, "CPUs": 2}, "1641796390.495705": {"GPUs": 1, "CPUs": 1}, "1641796390.995704": {"GPUs": 1, "CPUs": 1}, "1641796391.995709": {"GPUs": 1, "CPUs": 1}, "1641796392.495699": {"GPUs": 1, "CPUs": 1}, "1641796392.995708": {"GPUs": 1, "CPUs": 1}, "1641796394.49569": {"GPUs": 1, "CPUs": 1}, "1641796394.99569": {"GPUs": 1, "CPUs": 1}, "1641796395.995706": {"GPUs": 1, "CPUs": 1}, "1641796399.995721": {"GPUs": 1, "CPUs": 1}, "1641796405.995719": {"GPUs": 1, "CPUs": 1}, "1641796406.49571": {"GPUs": 1, "CPUs": 1}, "1641796406.995691": {"GPUs": 1, "CPUs": 1}, "1641796407.495703": {"GPUs": 1, "CPUs": 1}, "1641796407.995701": {"GPUs": 1, "CPUs": 2}, "1641796408.495698": {"GPUs": 1, "CPUs": 2}, "1641796408.995706": {"GPUs": 1, "CPUs": 2}, "1641796409.495706": {"GPUs": 1, "CPUs": 2}, "1641796409.995705": {"GPUs": 1, "CPUs": 3}, "1641796410.495698": {"GPUs": 1, "CPUs": 2}, "1641796410.995705": {"GPUs": 1, "CPUs": 4}, "1641796411.495706": {"GPUs": 1, "CPUs": 4}, "1641796411.995727": {"GPUs": 1, "CPUs": 4}, "1641796412.495696": {"GPUs": 1, "CPUs": 3}, "1641796412.995702": {"GPUs": 1, "CPUs": 4}, "1641796413.495703": {"GPUs": 1, "CPUs": 4}, "1641796413.995702": {"GPUs": 1, "CPUs": 4}, "1641796414.495727": {"GPUs": 1, "CPUs": 4}, "1641796414.995692": {"GPUs": 1, "CPUs": 4}, "1641796415.495716": {"GPUs": 1, "CPUs": 4}, "1641796415.995688": {"GPUs": 1, "CPUs": 3}, "1641796416.495703": {"GPUs": 1, "CPUs": 3}, "1641796419.495703": {"GPUs": 1, "CPUs": 1}, "1641796419.995697": {"GPUs": 1, "CPUs": 1}, "1641796420.995722": {"GPUs": 1, "CPUs": 2}, "1641796421.495713": {"GPUs": 1, "CPUs": 2}, "1641796421.995695": {"GPUs": 1, "CPUs": 2}, "1641796422.495785": {"GPUs": 1, "CPUs": 2}, "1641796422.995697": {"GPUs": 1, "CPUs": 2}, "1641796423.495708": {"GPUs": 1, "CPUs": 3}, "1641796423.995702": {"GPUs": 1, "CPUs": 3}, "1641796424.495703": {"GPUs": 1, "CPUs": 2}, "1641796424.995716": {"GPUs": 1, "CPUs": 2}, "1641796425.495691": {"GPUs": 1, "CPUs": 2}, "1641796425.995699": {"GPUs": 1, "CPUs": 1}, "1641796426.495703": {"GPUs": 1, "CPUs": 1}, "1641796431.99571": {"GPUs": 1, "CPUs": 2}, "1641796432.495697": {"GPUs": 1, "CPUs": 2}, "1641796432.995707": {"GPUs": 1, "CPUs": 3}, "1641796433.4957": {"GPUs": 1, "CPUs": 3}, "1641796433.995703": {"GPUs": 1, "CPUs": 3}, "1641796434.495697": {"GPUs": 1, "CPUs": 3}, "1641796434.995704": {"GPUs": 1, "CPUs": 1}, "1641796442.995706": {"GPUs": 1, "CPUs": 3}, "1641796443.495701": {"GPUs": 1, "CPUs": 3}, "1641796443.995703": {"GPUs": 1, "CPUs": 3}, "1641796444.495695": {"GPUs": 1, "CPUs": 3}, "1641796444.995691": {"GPUs": 1, "CPUs": 3}, "1641796445.495687": {"GPUs": 1, "CPUs": 3}, "1641796445.995702": {"GPUs": 1, "CPUs": 3}, "1641796446.495707": {"GPUs": 1, "CPUs": 3}, "1641796452.995688": {"GPUs": 1, "CPUs": 2}, "1641796453.49573": {"GPUs": 1, "CPUs": 2}, "1641796453.995694": {"GPUs": 1, "CPUs": 3}, "1641796454.49571": {"GPUs": 1, "CPUs": 2}, "1641796454.995706": {"GPUs": 1, "CPUs": 2}, "1641796455.495684": {"GPUs": 1, "CPUs": 2}, "1641796455.995699": {"GPUs": 1, "CPUs": 2}, "1641796456.495702": {"GPUs": 1, "CPUs": 2}, "1641796456.995698": {"GPUs": 1, "CPUs": 2}, "1641796457.495704": {"GPUs": 1, "CPUs": 2}, "1641796457.995724": {"GPUs": 1, "CPUs": 1}, "1641796464.495695": {"GPUs": 1, "CPUs": 1}, "1641796464.995703": {"GPUs": 1, "CPUs": 1}, "1641796465.495688": {"GPUs": 1, "CPUs": 2}, "1641796465.995699": {"GPUs": 1, "CPUs": 3}, "1641796466.495722": {"GPUs": 1, "CPUs": 3}, "1641796467.495705": {"GPUs": 1, "CPUs": 1}, "1641796467.995699": {"GPUs": 1, "CPUs": 2}, "1641796468.4957": {"GPUs": 1, "CPUs": 2}, "1641796468.995705": {"GPUs": 1, "CPUs": 2}, "1641796469.495702": {"GPUs": 1, "CPUs": 2}, "1641796469.995696": {"GPUs": 1, "CPUs": 2}, "1641796470.495697": {"GPUs": 1, "CPUs": 3}, "1641796470.995696": {"GPUs": 1, "CPUs": 2}, "1641796474.995706": {"GPUs": 1, "CPUs": 1}, "1641796481.995707": {"GPUs": 1, "CPUs": 2}, "1641796487.995721": {"GPUs": 1, "CPUs": 1}, "1641796488.49568": {"GPUs": 1, "CPUs": 1}, "1641796488.995712": {"GPUs": 1, "CPUs": 1}, "1641796489.995709": {"GPUs": 1, "CPUs": 1}, "1641796491.99572": {"GPUs": 1, "CPUs": 2}, "1641796492.495686": {"GPUs": 1, "CPUs": 2}, "1641796492.995699": {"GPUs": 1, "CPUs": 2}, "1641796493.495695": {"GPUs": 1, "CPUs": 2}, "1641796493.9957": {"GPUs": 1, "CPUs": 2}, "1641796494.495717": {"GPUs": 1, "CPUs": 2}, "1641796494.995691": {"GPUs": 1, "CPUs": 2}, "1641796495.495682": {"GPUs": 1, "CPUs": 2}, "1641796495.995698": {"GPUs": 1, "CPUs": 2}, "1641796496.4957": {"GPUs": 1, "CPUs": 2}, "1641796496.995701": {"GPUs": 1, "CPUs": 2}, "1641796497.495703": {"GPUs": 1, "CPUs": 2}, "1641796497.995707": {"GPUs": 1, "CPUs": 3}, "1641796498.495701": {"GPUs": 1, "CPUs": 3}, "1641796498.99572": {"GPUs": 1, "CPUs": 3}, "1641796499.49571": {"GPUs": 1, "CPUs": 3}, "1641796499.995712": {"GPUs": 1, "CPUs": 3}, "1641796500.49569": {"GPUs": 1, "CPUs": 3}, "1641796500.995701": {"GPUs": 1, "CPUs": 3}, "1641796501.495701": {"GPUs": 1, "CPUs": 3}, "1641796501.995699": {"GPUs": 1, "CPUs": 3}, "1641796502.495703": {"GPUs": 1, "CPUs": 4}, "1641796509.495701": {"GPUs": 1, "CPUs": 1}, "1641796509.995721": {"GPUs": 1, "CPUs": 2}, "1641796510.49569": {"GPUs": 1, "CPUs": 2}, "1641796510.995695": {"GPUs": 1, "CPUs": 2}, "1641796511.495702": {"GPUs": 1, "CPUs": 2}, "1641796511.995701": {"GPUs": 1, "CPUs": 2}, "1641796512.495698": {"GPUs": 1, "CPUs": 2}, "1641796512.995698": {"GPUs": 1, "CPUs": 2}, "1641796513.495704": {"GPUs": 1, "CPUs": 1}, "1641796516.995716": {"GPUs": 1, "CPUs": 2}, "1641796527.495701": {"GPUs": 1, "CPUs": 1}, "1641796527.995705": {"GPUs": 1, "CPUs": 1}, "1641796536.995704": {"GPUs": 1, "CPUs": 1}, "1641796540.995735": {"GPUs": 1, "CPUs": 1}, "1641796541.495714": {"GPUs": 1, "CPUs": 1}, "1641796542.495709": {"GPUs": 1, "CPUs": 1}, "1641796549.495715": {"GPUs": 1, "CPUs": 1}, "1641796549.99571": {"GPUs": 1, "CPUs": 1}, "1641796550.495709": {"GPUs": 1, "CPUs": 1}, "1641796550.995708": {"GPUs": 1, "CPUs": 1}, "1641796551.49571": {"GPUs": 1, "CPUs": 1}, "1641796552.495711": {"GPUs": 1, "CPUs": 1}, "1641796552.995712": {"GPUs": 1, "CPUs": 1}, "1641796553.495713": {"GPUs": 1, "CPUs": 1}, "1641796553.995689": {"GPUs": 1, "CPUs": 1}, "1641796569.495697": {"GPUs": 1, "CPUs": 1}, "1641796569.995726": {"GPUs": 1, "CPUs": 1}, "1641796570.995722": {"GPUs": 1, "CPUs": 1}, "1641796572.495691": {"GPUs": 1, "CPUs": 1}, "1641796572.99571": {"GPUs": 1, "CPUs": 1}, "1641796573.495693": {"GPUs": 1, "CPUs": 1},