{"RuleTriggered": 0, "Violations": 0, "Details": {"step_num": {"first": 1641796547932148, "last": 1641797279976125}, "job_start": 1641796304.995599, "job_end": 1641797279.995959}, "Datapoints": 191, "RuleParameters": "threshold:20"}