{"RuleTriggered": 0, "Violations": 0, "Details": {"ratio": {"cpu_functions": 100.0}, "phase": {"Step:ModeKeys.TRAIN": 27.849288944908924, "others": 63.91411081825886, "Step:ModeKeys.EVAL": 8.236600236832219}, "phase_time": {}, "CPU": {"aten::conv2d": 8.422922845010074, "aten::convolution": 8.414716003366479, "aten::_convolution": 8.41301102753933, "aten::cudnn_convolution": 8.40820992513292, "aten::to": 8.643970486204974, "aten::copy_": 8.97427664320652, "aten::item": 6.558850342066173, "aten::_local_scalar_dense": 6.547937022426424, "enumerate(DataLoader)#_SingleProcessDataLoaderIter.__next__": 35.616105705047104}, "CPU_total": {"aten::conv2d": 7998185, "aten::convolution": 7990392, "aten::_convolution": 7988773, "aten::cudnn_convolution": 7984214, "aten::to": 8208086, "aten::copy_": 8521736, "aten::item": 6228111, "aten::_local_scalar_dense": 6217748, "enumerate(DataLoader)#_SingleProcessDataLoaderIter.__next__": 33820113}, "general": {"DataLoaderIterInitialize": 0.0019074399561299544, "DataLoaderIter": 15.72986438140949, "Forward": 84.26822817863439}}, "Datapoints": 0, "RuleParameters": ""}