{"RuleTriggered": 0, "Violations": 0, "Details": {"step_details": {"algo-1-26": {"step_stats": {"mean": 0.7127196951871659, "max": 48.659739, "p99": 9.893982539999385, "p95": 3.2983045, "p50": 0.022744, "min": 0.019792}, "number_of_outliers": 2, "phase": "Step:ModeKeys.TRAIN", "stddev": 5.04, "probs": [175, 0, 0, 0, 0, 0, 0, 0, 0, 0, 0, 0, 0, 0, 0, 0, 0, 0, 0, 0, 0, 0, 0, 0, 0, 0, 0, 0, 0, 0, 0, 0, 0, 0, 0, 0, 0, 0, 0, 1, 0, 0, 0, 0, 0, 0, 0, 0, 0, 0, 0, 0, 0, 0, 0, 0, 0, 0, 0, 0, 0, 0, 0, 0, 0, 0, 0, 0, 0, 0, 0, 0, 0, 0, 0, 0, 0, 0, 0, 0, 0, 0, 0, 0, 0, 0, 0, 0, 0, 0, 0, 1, 1, 3, 1, 0, 1, 1, 0, 1], "binedges": [0.019792, 0.05542686000000001, 0.09106172000000001, 0.12669658, 0.16233144000000002, 0.1979663, 0.23360116000000003, 0.26923602, 0.30487088, 0.34050574, 0.3761406, 0.41177546000000004, 0.44741032000000003, 0.48304518, 0.5186800400000001, 0.5543149, 0.5899497600000001, 0.6255846200000001, 0.6612194800000001, 0.6968543400000001, 0.7324892000000001, 0.7681240600000001, 0.8037589200000002, 0.8393937800000001, 0.8750286400000001, 0.9106635000000002, 0.9462983600000001, 0.9819332200000002, 1.0175680800000002, 1.0532029400000003, 1.0888378, 1.1244726600000001, 1.1601075200000002, 1.1957423800000002, 1.2313772400000003, 1.2670121, 1.3026469600000001, 1.3382818200000002, 1.3739166800000002, 1.4095515400000003, 1.4451864, 1.4808212600000001, 1.5164561200000002, 1.5520909800000002, 1.5877258400000003, 1.6233607000000003, 1.6589955600000001, 1.6946304200000002, 1.7302652800000002, 1.7659001400000003, 1.8015350000000003, 1.8371698600000002, 1.8728047200000002, 1.9084395800000002, 1.9440744400000003, 1.9797093000000003, 2.01534416, 2.05097902, 2.0866138800000003, 2.12224874, 2.1578836, 2.19351846, 2.22915332, 2.26478818, 2.30042304, 2.3360579, 2.37169276, 2.4073276200000002, 2.4429624800000003, 2.4785973400000003, 2.5142322, 2.54986706, 2.58550192, 2.62113678, 2.65677164, 2.6924065, 2.72804136, 2.7636762200000002, 2.7993110800000003, 2.8349459400000003, 2.8705808, 2.90621566, 2.94185052, 2.97748538, 3.01312024, 3.0487551, 3.08438996, 3.1200248200000003, 3.1556596800000003, 3.1912945400000003, 3.2269294000000004, 3.26256426, 3.29819912, 3.33383398, 3.36946884, 3.4051037, 3.4407385600000002, 3.4763734200000003, 3.5120082800000003, 3.5476431400000004, 3.583278], "step_numbers": ["0", "0"]}}}, "Datapoints": 191, "RuleParameters": "threshold:3\nmode:None\nn_outliers:10\nstddev:3"}